8,0,0,6,1,1,0,0,8025796000685,,0.000000,0,1,0.000000,0.000000,,0.000000,0.00,1222,,,0.000000,0.000000,0.000000,0.000000,2,0,1,0,2,1,404,0,1,0000-00-00,new,1,1,both,0,0,0,0,"2013-12-12 13:09:30","2015-07-17 15:44:41",0,http://www.amazon.it/s?ie=UTF8&field-keywords=I%20Provenzali%20-%20natura%20senza%20compromessi&index=sporting&search-type=ss,http://www.ebay.it/itm/Olio-di-Mandorle-Dolci-I-Provenzali-2-pz-da-250-ml-/370843542005?pt=Cura_del_Corpo&hash=item5657ff61f5
11,0,0,4,1,1,0,0,8025796001439,,0.000000,0,1,0.000000,0.000000,,0.000000,0.00,1310,,,0.000000,0.000000,0.000000,0.000000,2,0,0,0,0,1,404,0,1,0000-00-00,new,1,1,both,0,0,0,0,"2014-01-14 15:27:02","2015-07-17 15:35:18",0,http://www.amazon.it/s?ie=UTF8&field-keywords=I%20Provenzali%20-%20natura%20senza%20compromessi&index=sporting&search-type=ss,
12,0,0,5,1,1,0,0,8025796001453,,0.000000,0,1,0.000000,0.000000,,0.000000,0.00,1334,,,0.000000,0.000000,0.000000,0.000000,2,0,0,0,0,1,404,0,1,0000-00-00,new,1,1,both,0,0,0,0,"2014-01-14 15:37:24","2015-10-01 15:15:14",0,http://www.amazon.it/s?ie=UTF8&field-keywords=I%20Provenzali%20-%20natura%20senza%20compromessi&index=sporting&search-type=ss,http://www.ebay.it/itm/Shampoo-Semi-di-Lino-I-Provenzali-3-pz-250-ml-/370844079843?pt=Cura_dei_Capelli&hash=item56580796e3
13,0,0,7,1,1,0,0,8025796000210,,0.000000,0,1,0.000000,0.000000,,0.000000,0.00,1030.39,,,0.000000,0.000000,0.000000,0.000000,2,0,0,0,0,1,404,0,1,0000-00-00,new,1,1,both,0,0,0,0,"2014-01-14 15:47:13","2015-08-27 16:18:39",0,http://www.amazon.it/s?ie=UTF8&field-keywords=I%20Provenzali%20-%20natura%20senza%20compromessi&index=sporting&search-type=ss,http://www.ebay.it/itm/Saponetta-Vegetale-Extrafine-I-Provenzali-Camomilla-6-pezzi-da-100-g-/370803278955?pt=Cura_del_Corpo&hash=item565599046b
14,0,0,8,1,1,0,0,8025796000173,,0.000000,0,1,0.000000,0.000000,,0.000000,0.00,1002,,,0.000000,0.000000,0.000000,0.000000,2,0,0,0,0,1,404,0,1,0000-00-00,new,1,1,both,0,0,0,0,"2014-01-14 17:10:57","2015-02-04 12:41:50",0,http://www.amazon.it/s?ie=UTF8&field-keywords=I%20Provenzali%20-%20natura%20senza%20compromessi&index=sporting&search-type=ss,http://www.ebay.it/itm/Saponetta-Marsiglia-Extrafina-I-Provenzali-6-pz-da-150-g-/321153000234?pt=Cura_del_Corpo&hash=item4ac635e32a
15,0,0,15,1,1,0,0,8025796002696,,0.000000,0,1,0.000000,0.000000,,0.000000,0.00,1654,,,0.000000,0.000000,0.000000,0.000000,2,0,0,0,0,1,404,0,1,0000-00-00,new,1,1,both,0,0,0,0,"2014-01-14 17:13:50","2015-05-07 10:06:09",0,http://www.amazon.it/s?ie=UTF8&field-keywords=I%20Provenzali%20-%20natura%20senza%20compromessi&index=sporting&search-type=ss,http://www.ebay.it/itm/Bagnetto-Corpo-e-Capelli-Biologico-Bimbi-3-pz-da-250-mL-/321153019227?pt=Cura_del_Corpo&hash=item4ac6362d5b
16,0,0,14,1,1,0,0,8025796002603,,0.000000,0,1,0.000000,0.000000,,0.000000,0.00,1704,,,0.000000,0.000000,0.000000,0.000000,2,0,0,0,0,1,404,0,1,0000-00-00,new,1,1,both,0,0,0,0,"2014-01-14 17:15:04","2016-02-18 09:24:46",0,http://www.amazon.it/s?ie=UTF8&field-keywords=I%20Provenzali%20-%20natura%20senza%20compromessi&index=sporting&search-type=ss,http://www.ebay.it/itm/Shampoo-Sapote-I-Provenzali-2-pz-250-ml-/321152850556?pt=Cura_dei_Capelli&hash=item4ac6339a7c
17,0,0,13,1,1,0,0,8025796002191,,0.000000,0,1,0.000000,0.000000,,0.000000,0.00,1601,,,0.000000,0.000000,0.000000,0.000000,2,0,0,0,0,1,404,0,1,0000-00-00,new,1,1,both,0,0,0,0,"2014-01-14 17:16:49","2016-01-07 09:07:54",0,http://www.amazon.it/s?ie=UTF8&field-keywords=I%20Provenzali%20-%20natura%20senza%20compromessi&index=sporting&search-type=ss,http://www.ebay.it/itm/Olio-Puro-di-Argan-I-Provenzali-Bio-2-pezzi-da-50-ml-/321152264196?pt=Cura_del_Corpo&hash=item4ac62aa804
18,0,0,12,1,1,0,0,8025796000241,,0.000000,0,1,0.000000,0.000000,,0.000000,0.00,1114,,,0.000000,0.000000,0.000000,0.000000,2,0,0,0,0,1,404,0,1,0000-00-00,new,1,1,both,0,0,0,0,"2014-01-14 17:18:01","2015-10-29 16:16:25",0,http://www.amazon.it/s?ie=UTF8&field-keywords=I%20Provenzali%20-%20natura%20senza%20compromessi&index=sporting&search-type=ss,http://www.ebay.it/itm/Bucato-Liquido-Marsiglia-I-Provenzali-3-pz-da-1000-ml-/370844136443?pt=Altro_per_Bellezza_e_Salute&hash=item56580873fb
19,0,0,11,1,1,0,0,8025796001538,,0.000000,0,1,0.000000,0.000000,,0.000000,0.00,1362,,,0.000000,0.000000,0.000000,0.000000,2,0,0,0,0,1,404,0,1,0000-00-00,new,1,1,both,0,0,0,0,"2014-01-14 17:19:24","2015-03-02 12:28:23",0,http://www.amazon.it/s?ie=UTF8&field-keywords=I%20Provenzali%20-%20natura%20senza%20compromessi&index=sporting&search-type=ss,http://www.ebay.it/itm/Saponetta-allo-Zolfo-I-Provenzali-6-pezzi-da-100-g-/321152237469?pt=Cura_del_Viso_e_della_Pelle&hash=item4ac62a3f9d
20,0,0,10,1,1,0,0,8025796001644,,0.000000,0,1,0.000000,0.000000,,0.000000,0.00,1322,,,0.000000,0.000000,0.000000,0.000000,2,0,0,0,0,1,404,0,1,0000-00-00,new,1,1,both,0,0,0,0,"2014-01-14 17:20:34","2015-07-17 12:33:22",0,http://www.amazon.it/s?ie=UTF8&field-keywords=I%20Provenzali%20-%20natura%20senza%20compromessi&index=sporting&search-type=ss,http://www.ebay.it/itm/Detergente-Intimo-Lenitivo-I-Provenzali-4-pz-/370844077525?pt=Cura_del_Corpo&hash=item5658078dd5
21,0,0,9,1,1,0,0,8025796001910,,0.000000,0,1,0.000000,0.000000,,0.000000,0.00,1427,,,0.000000,0.000000,0.000000,0.000000,2,0,0,0,0,1,404,0,1,0000-00-00,new,1,1,both,0,0,0,0,"2014-01-14 17:22:17","2015-08-31 14:31:56",0,http://www.amazon.it/s?ie=UTF8&field-keywords=I%20Provenzali%20-%20natura%20senza%20compromessi&index=sporting&search-type=ss,"http://www.ebay.it/itm/Sapone-Extradolce-I-Provenzali- allUva-e-Mora-6-pz-da-150-g-/321152845309?  pt=Cura_del_Corpo&hash=item4ac63385fd"
23,0,0,6,1,0,0,0,8025796001606,,0.000000,0,1,0.000000,0.000000,,0.000000,0.00,1220,,,0.000000,0.000000,0.000000,0.000000,2,0,0,0,0,1,404,0,1,0000-00-00,new,1,1,both,0,0,0,0,"0000-00-00 00:00:00","2015-11-27 17:08:38",0,,http://www.ebay.it/itm/Sapone-Corpo-I-Provenzali-4-pezzi-da-250-g-/370843539248?pt=Cura_del_Corpo&hash=item5657ff5730&_uhb=1
24,0,0,6,1,0,0,0,8025796001934,,0.000000,0,1,0.000000,0.000000,,0.000000,0.00,1217,,,0.000000,0.000000,0.000000,0.000000,2,0,0,0,0,1,404,0,1,0000-00-00,new,1,1,both,0,0,0,0,"0000-00-00 00:00:00","2015-06-03 12:10:51",0,,http://www.ebay.it/itm/Bagno-Schiuma-Mandorle-I-Provenzali-24-pz-da-400-ml-/321069102147?pt=Cura_del_Corpo&hash=item4ac135b443
25,0,0,6,1,0,0,0,8025796001958,,0.000000,0,1,0.000000,0.000000,,0.000000,0.00,1229,,,0.000000,0.000000,0.000000,0.000000,2,0,0,0,0,1,404,0,1,0000-00-00,new,1,1,both,0,0,0,0,"0000-00-00 00:00:00","2015-02-05 10:46:43",0,,http://www.ebay.it/itm/Stick-Labbra-Olio-di-Mandorle-Dolci-I-Provenzali-4-pz-/321152259870?pt=Cura_del_Corpo&hash=item4ac62a971e&_uhb=1
26,0,0,6,1,0,0,0,8025796001972,,0.000000,0,1,0.000000,0.000000,,0.000000,0.00,1216,,,0.000000,0.000000,0.000000,0.000000,2,0,0,0,0,1,404,0,1,0000-00-00,new,1,1,both,0,0,0,0,"0000-00-00 00:00:00","2016-01-07 09:35:55",0,,http://www.ebay.it/itm/Crema-Corpo-Mandorle-I-Provenzali-2-pezzi-da-100-ml-/321152257131?pt=Cura_del_Corpo&hash=item4ac62a8c6b
27,0,0,13,1,0,0,0,8025796002214,,0.000000,0,1,0.000000,0.000000,,0.000000,0.00,1604,,,0.000000,0.000000,0.000000,0.000000,2,0,0,0,0,1,404,0,1,0000-00-00,new,1,1,both,0,0,0,0,"0000-00-00 00:00:00","2015-05-07 09:56:56",0,,http://www.ebay.it/itm/Burro-di-Argan-I-Provenzali-Bio-2-pz-da-75-ml-/321152275700?pt=Cura_del_Corpo&hash=item4ac62ad4f4&_uhb=1
28,0,0,13,1,0,0,0,8025796002252,,0.000000,0,1,0.000000,0.000000,,0.000000,0.00,1610,,,0.000000,0.000000,0.000000,0.000000,2,0,0,0,0,1,404,0,1,0000-00-00,new,1,1,both,0,0,0,0,"0000-00-00 00:00:00","2015-06-03 15:13:22",0,,http://www.ebay.it/itm/Balsamo-Labbra-Argan-I-Provenzali-Bio-3-pz-da-5-7-ml-/321152268855?pt=Cura_del_Corpo&hash=item4ac62aba37&_uhb=1
29,0,0,13,1,0,0,0,8025796002764,,0.000000,0,1,0.000000,0.000000,,0.000000,0.00,1614,,,0.000000,0.000000,0.000000,0.000000,2,0,0,0,0,1,404,0,1,0000-00-00,new,1,1,both,0,0,0,0,"0000-00-00 00:00:00","2015-02-05 10:57:12",0,,http://www.ebay.it/itm/Saponetta-Viso-Argan-I-Provenzali-Bio-6-pz-da-150-g-/321248465512?pt=Cura_del_Corpo&hash=item4acbe69268&_uhb=1
30,0,0,13,1,0,0,0,8025796002467,,0.000000,0,1,0.000000,0.000000,,0.000000,0.00,1619,,,0.000000,0.000000,0.000000,0.000000,2,0,0,0,0,1,404,0,1,0000-00-00,new,1,1,both,0,0,0,0,"0000-00-00 00:00:00","2016-01-07 09:13:41",0,,http://www.ebay.it/itm/Salviette-Struccanti-Argan-I-Provenzali-24-x-20-pezzi-/370754339109?pt=Cura_del_Corpo&hash=item5652ae4125&_uhb=1
31,0,0,13,1,0,0,0,8025796003570,,0.000000,0,1,0.000000,0.000000,,0.000000,0.00,1622,,,0.000000,0.000000,0.000000,0.000000,2,0,0,0,0,1,404,0,1,0000-00-00,new,1,1,both,0,0,0,0,"0000-00-00 00:00:00","2015-10-08 16:55:59",0,,http://www.ebay.it/itm/Gel-Corpo-Argan-I-Provenzali-Bio-6-pezzi-da-125-ml-/370447725700?pt=Cura_del_Corpo&hash=item564067b484
32,0,0,13,1,0,0,0,8025796003594,,0.000000,0,1,0.000000,0.000000,,0.000000,0.00,1625,,,0.000000,0.000000,0.000000,0.000000,2,0,0,0,0,1,404,0,1,0000-00-00,new,1,1,both,0,0,0,0,"0000-00-00 00:00:00","2015-10-08 16:54:20",0,,
33,0,0,14,1,0,0,0,,,0.000000,0,1,0.000000,0.000000,,0.000000,0.00,1701,,,0.000000,0.000000,0.000000,0.000000,2,0,0,0,0,1,404,0,1,0000-00-00,new,1,1,both,0,0,0,0,"0000-00-00 00:00:00","2015-02-05 10:58:20",0,,http://www.ebay.it/itm/I-PROVENZALI-Bio-Olio-Di-Sapote-Shampoo-Fortificante-da-250-ML-NUOVO-/271378292856?pt=Cura_dei_Capelli&hash=item3f2f682078
34,0,0,14,1,0,0,0,,,0.000000,0,1,0.000000,0.000000,,0.000000,0.00,1707,,,0.000000,0.000000,0.000000,0.000000,2,0,0,0,0,1,404,0,1,0000-00-00,new,1,1,both,0,0,0,0,"0000-00-00 00:00:00","2015-02-05 10:57:42",0,,http://www.ebay.it/itm/Balsamo-Sapote-I-Provenzali-2-pz-200-ml-/321152850990?pt=Cura_dei_Capelli&hash=item4ac6339c2e&_uhb=1
35,0,0,14,1,0,0,0,,,0.000000,0,1,0.000000,0.000000,,0.000000,0.00,1710,,,0.000000,0.000000,0.000000,0.000000,2,0,0,0,0,1,404,0,1,0000-00-00,new,1,1,both,0,0,0,0,"0000-00-00 00:00:00","2015-02-05 10:59:48",0,,http://www.ebay.it/itm/Impacco-Capelli-Sapote-I-Provenzali-2-pz-200-ml-/321152851713?pt=Cura_dei_Capelli&hash=item4ac6339f01&_uhb=1
36,0,0,14,1,0,0,0,,,0.000000,0,1,0.000000,0.000000,,0.000000,0.00,1713,,,0.000000,0.000000,0.000000,0.000000,2,0,0,0,0,1,404,0,1,0000-00-00,new,1,1,both,0,0,0,0,"0000-00-00 00:00:00","2015-02-05 10:58:58",0,,http://www.ebay.it/itm/Fiala-Capelli-Sapote-I-Provenzali-2-pz-per-10-fiale-da-10-ml-/370844056256?pt=Cura_dei_Capelli&hash=item5658073ac0&_uhb=1
37,0,0,15,1,0,0,0,,,0.000000,0,1,0.000000,0.000000,,0.000000,0.00,1651,,,0.000000,0.000000,0.000000,0.000000,2,0,0,0,0,1,404,0,1,0000-00-00,new,1,1,both,0,0,0,0,"0000-00-00 00:00:00","2015-12-01 09:05:09",0,,http://www.ebay.it/itm/Olio-Idratante-Biologico-Bimbi-12-pz-da-125-mL-/321113829856?pt=Cura_del_Corpo&hash=item4ac3e031e0
38,0,0,15,1,0,0,0,,,0.000000,0,1,0.000000,0.000000,,0.000000,0.00,1657,,,0.000000,0.000000,0.000000,0.000000,2,0,0,0,0,1,404,0,1,0000-00-00,new,1,1,both,0,0,0,0,"0000-00-00 00:00:00","2015-02-05 10:50:54",0,,http://www.ebay.it/itm/Latte-Detergente-Biologico-Bimbi-24-pz-da-200-mL-/321113840007?pt=Cura_del_Corpo&hash=item4ac3e05987
39,0,0,15,1,0,0,0,,,0.000000,0,1,0.000000,0.000000,,0.000000,0.00,1660,,,0.000000,0.000000,0.000000,0.000000,2,0,0,0,0,1,404,0,1,0000-00-00,new,1,1,both,0,0,0,0,"0000-00-00 00:00:00","2015-10-08 17:03:00",0,,http://www.ebay.it/itm/Crema-Protettiva-Biologica-Bimbi-2-pz-da-75-mL-/321153018259?pt=Cura_del_Corpo&hash=item4ac6362993
40,0,0,15,1,0,0,0,,,0.000000,0,1,0.000000,0.000000,,0.000000,0.00,1663,,,0.000000,0.000000,0.000000,0.000000,2,0,0,0,0,1,404,0,1,0000-00-00,new,1,1,both,0,0,0,0,"0000-00-00 00:00:00","2015-02-05 10:52:37",0,,http://www.ebay.it/itm/Salvietta-Detergente-Delicata-Biologica-Bimbi-3-pz-da-64-salviette-/321153015388?pt=Cura_del_Corpo&hash=item4ac6361e5c
41,0,0,15,1,0,0,0,,,0.000000,0,1,0.000000,0.000000,,0.000000,0.00,1751,,,0.000000,0.000000,0.000000,0.000000,2,0,0,0,0,1,404,0,1,0000-00-00,new,1,1,both,0,0,1,0,"0000-00-00 00:00:00","2015-10-29 16:59:49",0,,http://www.ebay.it/itm/Olio-Elasticizzante-Biologico-Mamma-2-pz-da-200-ml-/370844202716?pt=Cura_del_Corpo&hash=item56580976dc
42,0,0,4,1,0,0,0,,,0.000000,0,1,0.000000,0.000000,,0.000000,0.00,1301,,,0.000000,0.000000,0.000000,0.000000,2,0,0,0,0,1,404,0,1,0000-00-00,new,1,1,both,0,0,0,0,"2014-06-05 16:36:50","2015-02-05 10:31:21",0,,http://www.ebay.it/itm/Olio-Elasticizzante-Biologico-Mamma-2-pz-da-200-ml-/370844202716?pt=Cura_del_Corpo&hash=item56580976dc
43,0,0,4,1,1,0,0,,,0.000000,0,1,0.000000,0.000000,,0.000000,0.00,1309,,,0.000000,0.000000,0.000000,0.000000,2,0,0,0,0,1,404,0,1,0000-00-00,new,1,1,both,0,0,0,0,"2014-06-06 15:46:02","2015-02-05 10:26:46",0,,
44,0,0,4,1,1,0,0,,,0.000000,0,1,0.000000,0.000000,,0.000000,0.00,1319,,,0.000000,0.000000,0.000000,0.000000,2,0,0,0,0,1,404,0,1,0000-00-00,new,1,1,both,0,0,0,0,"2014-06-06 15:56:55","2015-06-03 12:19:33",0,,
45,0,0,4,1,1,0,0,,,0.000000,0,1,0.000000,0.000000,,0.000000,0.00,1304,,,0.000000,0.000000,0.000000,0.000000,2,0,0,0,0,1,404,0,1,0000-00-00,new,1,1,both,0,0,0,0,"2014-06-06 16:09:39","2015-07-17 16:16:37",0,,
46,0,0,4,1,1,0,0,,,0.000000,0,1,0.000000,0.000000,,0.000000,0.00,1323,,,0.000000,0.000000,0.000000,0.000000,2,0,0,0,0,1,404,0,1,0000-00-00,new,1,1,both,0,0,0,0,"2014-06-06 16:13:54","2015-02-05 10:28:39",0,,
47,0,0,4,1,1,0,0,,,0.000000,0,1,0.000000,0.000000,,0.000000,0.00,1099,,,0.000000,0.000000,0.000000,0.000000,2,0,0,0,0,0,404,0,1,0000-00-00,new,1,1,both,0,0,0,0,"2014-06-06 16:22:45","2015-02-05 10:28:58",0,,
48,0,0,4,1,1,0,0,,,0.000000,0,1,0.000000,0.000000,,0.000000,0.00,1325,,,0.000000,0.000000,0.000000,0.000000,2,0,0,0,0,1,404,0,1,0000-00-00,new,1,1,both,0,0,0,0,"2014-06-06 16:33:08","2015-06-04 08:50:14",0,,
50,0,0,4,1,1,0,0,,,0.000000,0,1,0.000000,0.000000,,0.000000,0.00,1316,,,0.000000,0.000000,0.000000,0.000000,2,0,0,0,0,1,404,0,1,0000-00-00,new,1,1,both,0,0,0,0,"2014-06-06 16:39:49","2016-01-05 12:02:02",0,,
51,0,0,4,1,1,0,0,,,0.000000,0,1,0.000000,0.000000,,0.000000,0.00,1313,,,0.000000,0.000000,0.000000,0.000000,2,0,0,0,0,1,404,0,1,0000-00-00,new,1,1,both,0,0,0,0,"2014-06-06 16:45:04","2015-07-17 12:25:37",0,,
52,0,0,5,1,1,0,0,,,0.000000,0,1,0.000000,0.000000,,0.000000,0.00,1337,,,0.000000,0.000000,0.000000,0.000000,2,0,0,0,0,1,404,0,1,0000-00-00,new,1,1,both,0,0,0,0,"2014-06-06 16:47:55","2015-06-03 14:29:49",0,,
53,0,0,5,1,1,0,0,,,0.000000,0,1,0.000000,0.000000,,0.000000,0.00,1340,,,0.000000,0.000000,0.000000,0.000000,2,0,0,0,0,1,404,0,1,0000-00-00,new,1,1,both,0,0,0,0,"2014-06-06 16:50:56","2015-10-01 15:26:50",0,,
54,0,0,5,1,1,0,0,,,0.000000,0,1,0.000000,0.000000,,0.000000,0.00,1331,,,0.000000,0.000000,0.000000,0.000000,2,0,0,0,0,1,404,0,1,0000-00-00,new,1,1,both,0,0,0,0,"2014-06-06 16:54:05","2015-10-02 15:24:51",0,,
55,0,0,8,1,1,0,0,8025796003815,,0.000000,0,1,0.000000,0.000000,,0.000000,0.00,1004,,,0.000000,0.000000,0.000000,0.000000,2,0,0,0,0,1,404,0,1,0000-00-00,new,1,1,both,0,0,0,0,"2014-06-06 16:56:38","2015-07-17 11:27:37",0,,
56,0,0,8,1,1,0,0,,,0.000000,0,1,0.000000,0.000000,,0.000000,0.00,1008,,,0.000000,0.000000,0.000000,0.000000,2,0,0,0,0,1,404,0,1,0000-00-00,new,1,1,both,0,0,0,0,"2014-06-06 17:01:56","2015-03-02 11:24:35",0,,
57,0,0,8,1,1,0,0,,,0.000000,0,1,0.000000,0.000000,,0.000000,0.00,1005,,,0.000000,0.000000,0.000000,0.000000,2,0,0,0,0,1,404,0,1,0000-00-00,new,1,1,both,0,0,0,0,"2014-06-06 17:04:46","2015-03-02 11:15:56",0,,
58,0,0,8,1,1,0,0,8025796000074,,0.000000,0,1,0.000000,0.000000,,0.000000,0.00,1012,,,0.000000,0.000000,0.000000,0.000000,2,0,0,0,0,1,404,0,1,0000-00-00,new,1,1,both,0,0,0,0,"2014-06-06 17:07:30","2015-08-27 16:02:44",0,,
59,0,0,8,1,1,0,0,8025796003792,,0.000000,0,1,0.000000,0.000000,,0.000000,0.00,1016,,,0.000000,0.000000,0.000000,0.000000,2,0,0,0,0,1,404,0,1,0000-00-00,new,1,1,both,0,0,0,0,"2014-06-06 17:11:07","2015-06-03 15:15:45",0,,
60,0,0,9,1,1,0,0,8025796003709,,0.000000,0,1,0.000000,0.000000,,0.000000,0.00,1450,,,0.000000,0.000000,0.000000,0.000000,2,0,0,0,0,1,404,0,1,0000-00-00,new,1,1,both,0,0,0,0,"2014-06-06 17:17:36","2015-10-29 17:29:05",0,,
61,0,0,9,1,1,0,0,8025796002542,,0.000000,0,1,0.000000,0.000000,,0.000000,0.00,1417,,,0.000000,0.000000,0.000000,0.000000,2,0,0,0,0,1,404,0,1,0000-00-00,new,1,1,both,0,0,0,0,"2014-06-06 17:24:24","2015-07-24 15:21:56",0,,
62,0,0,10,1,1,0,0,,,0.000000,0,1,0.000000,0.000000,,0.000000,0.00,1321,,,0.000000,0.000000,0.000000,0.000000,2,0,0,0,0,1,404,0,1,0000-00-00,new,1,1,both,0,0,0,0,"2014-06-06 17:26:46","2015-04-13 11:55:32",0,,
64,0,0,11,1,1,0,0,,,0.000000,0,1,0.000000,0.000000,,0.000000,0.00,1096,,,0.000000,0.000000,0.000000,0.000000,2,0,0,0,0,1,404,0,1,0000-00-00,new,1,1,both,0,0,0,0,"2014-06-06 17:31:56","2015-07-02 14:24:41",0,,
65,0,0,11,1,1,0,0,,,0.000000,0,1,0.000000,0.000000,,0.000000,0.00,1102,,,0.000000,0.000000,0.000000,0.000000,2,0,0,0,0,0,404,0,1,0000-00-00,new,1,1,both,0,0,0,0,"2014-06-06 17:34:33","2015-02-05 10:00:28",0,,
66,0,0,11,1,1,0,0,,,0.000000,0,1,0.000000,0.000000,,0.000000,0.00,1105,,,0.000000,0.000000,0.000000,0.000000,2,0,0,0,0,0,404,0,1,0000-00-00,new,1,1,both,0,0,0,0,"2014-06-06 17:36:53","2015-02-05 10:00:47",0,,
67,0,0,11,1,1,0,0,,,0.000000,0,1,0.000000,0.000000,,0.000000,0.00,1225,,,0.000000,0.000000,0.000000,0.000000,2,0,0,0,0,1,404,0,1,0000-00-00,new,1,1,both,0,0,0,0,"2014-06-06 17:39:26","2016-02-01 12:28:56",0,,
68,0,0,11,1,1,0,0,,,0.000000,0,1,0.000000,0.000000,,0.000000,0.00,1228,,,0.000000,0.000000,0.000000,0.000000,2,0,0,0,0,1,404,0,1,0000-00-00,new,1,1,both,0,0,0,0,"2014-06-06 17:41:44","2015-05-06 18:05:40",0,,
69,0,0,11,1,1,0,0,,,0.000000,0,1,0.000000,0.000000,,0.000000,0.00,1108,,,0.000000,0.000000,0.000000,0.000000,2,0,0,0,0,0,404,0,1,0000-00-00,new,1,1,both,0,0,0,0,"2014-06-06 17:44:18","2015-02-05 10:01:45",0,,
70,0,0,11,1,1,0,0,8025796001156,,0.000000,0,1,0.000000,0.000000,,0.000000,0.00,1237,,,0.000000,0.000000,0.000000,0.000000,2,0,0,0,0,1,404,0,1,0000-00-00,new,1,1,both,0,0,0,0,"2014-06-06 17:46:29","2015-02-05 10:02:28",0,,
71,0,0,11,1,1,0,0,,,0.000000,0,1,0.000000,0.000000,,0.000000,0.00,1111,,,0.000000,0.000000,0.000000,0.000000,2,0,0,0,0,0,404,0,1,0000-00-00,new,1,1,both,0,0,0,0,"2014-06-06 17:48:27","2015-02-05 10:02:08",0,,
72,0,0,11,1,1,0,0,8025796000715,,0.000000,0,1,0.000000,0.000000,,0.000000,0.00,1255,,,0.000000,0.000000,0.000000,0.000000,2,0,0,0,0,1,404,0,1,0000-00-00,new,1,1,both,0,0,0,0,"2014-06-06 17:50:31","2015-02-27 15:09:04",0,,
73,0,0,12,1,1,0,0,,,0.000000,0,1,0.000000,0.000000,,0.000000,0.00,1117,,,0.000000,0.000000,0.000000,0.000000,2,0,0,0,0,1,404,0,1,0000-00-00,new,1,1,both,0,0,0,0,"2014-06-06 17:53:02","2015-10-29 16:13:10",0,,
74,0,0,12,1,1,0,0,,,0.000000,0,1,0.000000,0.000000,,0.000000,0.00,1120,,,0.000000,0.000000,0.000000,0.000000,2,0,0,0,0,1,404,0,1,0000-00-00,new,1,1,both,0,0,0,0,"2014-06-06 17:54:57","2015-10-29 16:17:32",0,,
75,0,0,12,1,1,0,0,,,0.000000,0,1,0.000000,0.000000,,0.000000,0.00,1123,,,0.000000,0.000000,0.000000,0.000000,2,0,0,0,0,1,404,0,1,0000-00-00,new,1,1,both,0,0,0,0,"2014-06-06 17:56:50","2015-10-29 16:16:54",0,,
79,0,0,3,1,1,0,0,8025796003600,,0.000000,0,1,0.000000,0.000000,,0.000000,0.00,1411,,,0.000000,0.000000,0.000000,0.000000,2,0,0,0,0,1,404,0,1,0000-00-00,new,1,1,both,0,0,0,0,"2014-06-12 12:34:23","2015-06-03 12:28:38",0,http://www.amazon.it/s?ie=UTF8&field-keywords=I%20Provenzali%20-%20natura%20senza%20compromessi&index=sporting&search-type=ss,http://www.ebay.it/itm/Bagno-Schiuma-I-Provenzali-alla-Magnolia-3-pezzi-da-400-ml-/321152862887?pt=Cura_del_Corpo&hash=item4ac633caa7
80,0,0,3,1,1,0,0,8025796003044,,0.000000,0,1,0.000000,0.000000,,0.000000,0.00,1401,,,0.000000,0.000000,0.000000,0.000000,2,0,0,0,0,1,404,0,1,0000-00-00,new,1,1,both,0,0,0,0,"2014-06-12 15:00:43","2015-12-16 16:16:46",0,http://www.amazon.it/s?ie=UTF8&field-keywords=I%20Provenzali%20-%20natura%20senza%20compromessi&index=sporting&search-type=ss,http://www.ebay.it/itm/Bagno-Schiuma-I-Provenzali-alla-Magnolia-3-pezzi-da-400-ml-/321152862887?pt=Cura_del_Corpo&hash=item4ac633caa7
81,0,0,3,1,1,0,0,8025796003624,,0.000000,0,1,0.000000,0.000000,,0.000000,0.00,1413,,,0.000000,0.000000,0.000000,0.000000,2,0,0,0,0,1,404,0,1,0000-00-00,new,1,1,both,0,0,0,0,"2014-06-12 15:12:03","2015-06-03 12:33:26",0,http://www.amazon.it/s?ie=UTF8&field-keywords=I%20Provenzali%20-%20natura%20senza%20compromessi&index=sporting&search-type=ss,http://www.ebay.it/itm/Bagno-Schiuma-I-Provenzali-alla-Magnolia-3-pezzi-da-400-ml-/321152862887?pt=Cura_del_Corpo&hash=item4ac633caa7
82,0,0,3,1,1,0,0,8025796003617,,0.000000,0,1,0.000000,0.000000,,0.000000,0.00,1412,,,0.000000,0.000000,0.000000,0.000000,2,0,0,0,0,1,404,0,1,0000-00-00,new,1,1,both,0,0,0,0,"2014-06-12 15:22:19","2015-12-16 16:24:58",0,http://www.amazon.it/s?ie=UTF8&field-keywords=I%20Provenzali%20-%20natura%20senza%20compromessi&index=sporting&search-type=ss,http://www.ebay.it/itm/Bagno-Schiuma-I-Provenzali-alla-Magnolia-3-pezzi-da-400-ml-/321152862887?pt=Cura_del_Corpo&hash=item4ac633caa7
83,0,0,3,1,1,0,0,8025796002955,,0.000000,0,1,0.000000,0.000000,,0.000000,0.00,1486,,,0.000000,0.000000,0.000000,0.000000,2,0,0,0,0,1,404,0,1,0000-00-00,new,1,1,both,0,0,0,0,"2014-06-12 15:55:15","2015-07-17 16:17:33",0,http://www.amazon.it/s?ie=UTF8&field-keywords=I%20Provenzali%20-%20natura%20senza%20compromessi&index=sporting&search-type=ss,http://www.ebay.it/itm/Bagno-Schiuma-I-Provenzali-alla-Magnolia-3-pezzi-da-400-ml-/321152862887?pt=Cura_del_Corpo&hash=item4ac633caa7
84,0,0,3,1,1,0,0,8025796002948,,0.000000,0,1,0.000000,0.000000,,0.000000,0.00,1485,,,0.000000,0.000000,0.000000,0.000000,2,0,0,0,0,1,404,0,1,0000-00-00,new,1,1,both,0,0,0,0,"2014-06-12 16:12:51","2015-07-17 16:18:05",0,http://www.amazon.it/s?ie=UTF8&field-keywords=I%20Provenzali%20-%20natura%20senza%20compromessi&index=sporting&search-type=ss,http://www.ebay.it/itm/Bagno-Schiuma-I-Provenzali-alla-Magnolia-3-pezzi-da-400-ml-/321152862887?pt=Cura_del_Corpo&hash=item4ac633caa7
85,0,0,3,1,1,0,0,8025796002979,,0.000000,0,1,0.000000,0.000000,,0.000000,0.00,1488,,,0.000000,0.000000,0.000000,0.000000,2,0,0,0,0,1,404,0,1,0000-00-00,new,1,1,both,0,0,0,0,"2014-06-12 16:20:58","2015-07-17 16:17:51",0,http://www.amazon.it/s?ie=UTF8&field-keywords=I%20Provenzali%20-%20natura%20senza%20compromessi&index=sporting&search-type=ss,http://www.ebay.it/itm/Bagno-Schiuma-I-Provenzali-alla-Magnolia-3-pezzi-da-400-ml-/321152862887?pt=Cura_del_Corpo&hash=item4ac633caa7
86,0,0,3,1,1,0,0,8025796002962,,0.000000,0,1,0.000000,0.000000,,0.000000,0.00,1487,,,0.000000,0.000000,0.000000,0.000000,2,0,0,0,0,1,404,0,1,0000-00-00,new,1,1,both,0,0,0,0,"2014-06-12 16:31:54","2015-07-17 16:18:22",0,http://www.amazon.it/s?ie=UTF8&field-keywords=I%20Provenzali%20-%20natura%20senza%20compromessi&index=sporting&search-type=ss,http://www.ebay.it/itm/Bagno-Schiuma-I-Provenzali-alla-Magnolia-3-pezzi-da-400-ml-/321152862887?pt=Cura_del_Corpo&hash=item4ac633caa7
87,0,0,3,1,1,0,0,8025796002917,,0.000000,0,1,0.000000,0.000000,,0.000000,0.00,1491,,,0.000000,0.000000,0.000000,0.000000,2,0,0,0,0,1,404,0,1,0000-00-00,new,1,1,both,0,0,0,0,"2014-06-12 17:27:06","2015-09-23 11:44:03",0,http://www.amazon.it/s?ie=UTF8&field-keywords=I%20Provenzali%20-%20natura%20senza%20compromessi&index=sporting&search-type=ss,http://www.ebay.it/itm/Bagno-Schiuma-I-Provenzali-alla-Magnolia-3-pezzi-da-400-ml-/321152862887?pt=Cura_del_Corpo&hash=item4ac633caa7
89,0,0,3,1,1,0,0,8025796002900,,0.000000,0,1,0.000000,0.000000,,0.000000,0.00,1490,,,0.000000,0.000000,0.000000,0.000000,2,0,0,0,0,1,404,0,1,0000-00-00,new,1,1,both,0,0,0,0,"2014-06-13 16:46:37","2015-09-23 11:46:00",0,http://www.amazon.it/s?ie=UTF8&field-keywords=I%20Provenzali%20-%20natura%20senza%20compromessi&index=sporting&search-type=ss,http://www.ebay.it/itm/Bagno-Schiuma-I-Provenzali-alla-Magnolia-3-pezzi-da-400-ml-/321152862887?pt=Cura_del_Corpo&hash=item4ac633caa7
90,0,0,3,1,1,0,0,8025796002931,,0.000000,0,1,0.000000,0.000000,,0.000000,0.00,1493,,,0.000000,0.000000,0.000000,0.000000,2,0,0,0,0,1,404,0,1,0000-00-00,new,1,1,both,0,0,0,0,"2014-06-13 17:20:07","2015-09-23 11:45:13",0,http://www.amazon.it/s?ie=UTF8&field-keywords=I%20Provenzali%20-%20natura%20senza%20compromessi&index=sporting&search-type=ss,http://www.ebay.it/itm/Bagno-Schiuma-I-Provenzali-alla-Magnolia-3-pezzi-da-400-ml-/321152862887?pt=Cura_del_Corpo&hash=item4ac633caa7
91,0,0,3,1,1,0,0,8025796002924,,0.000000,0,1,0.000000,0.000000,,0.000000,0.00,1492,,,0.000000,0.000000,0.000000,0.000000,2,0,0,0,0,1,404,0,1,0000-00-00,new,1,1,both,0,0,0,0,"2014-06-16 09:08:33","2015-07-02 12:54:08",0,http://www.amazon.it/s?ie=UTF8&field-keywords=I%20Provenzali%20-%20natura%20senza%20compromessi&index=sporting&search-type=ss,http://www.ebay.it/itm/Bagno-Schiuma-I-Provenzali-alla-Magnolia-3-pezzi-da-400-ml-/321152862887?pt=Cura_del_Corpo&hash=item4ac633caa7
92,0,0,3,1,1,0,0,8025796002993,,0.000000,0,1,0.000000,0.000000,,0.000000,0.00,1496,,,0.000000,0.000000,0.000000,0.000000,2,0,0,0,0,1,404,0,1,0000-00-00,new,1,1,both,0,0,0,0,"2014-06-16 09:36:56","2015-12-01 10:02:40",0,http://www.amazon.it/s?ie=UTF8&field-keywords=I%20Provenzali%20-%20natura%20senza%20compromessi&index=sporting&search-type=ss,http://www.ebay.it/itm/Bagno-Schiuma-I-Provenzali-alla-Magnolia-3-pezzi-da-400-ml-/321152862887?pt=Cura_del_Corpo&hash=item4ac633caa7
93,0,0,3,1,1,0,0,8025796002986,,0.000000,0,1,0.000000,0.000000,,0.000000,0.00,1495,,,0.000000,0.000000,0.000000,0.000000,2,0,0,0,0,1,404,0,1,0000-00-00,new,1,1,both,0,0,0,0,"2014-06-16 10:07:49","2015-07-17 15:27:45",0,http://www.amazon.it/s?ie=UTF8&field-keywords=I%20Provenzali%20-%20natura%20senza%20compromessi&index=sporting&search-type=ss,http://www.ebay.it/itm/Bagno-Schiuma-I-Provenzali-alla-Magnolia-3-pezzi-da-400-ml-/321152862887?pt=Cura_del_Corpo&hash=item4ac633caa7
94,0,0,3,1,1,0,0,8025796003020,,0.000000,0,1,0.000000,0.000000,,0.000000,0.00,1498,,,0.000000,0.000000,0.000000,0.000000,2,0,0,0,0,1,404,0,1,0000-00-00,new,1,1,both,0,0,0,0,"2014-06-16 10:32:59","2015-07-17 15:29:19",0,http://www.amazon.it/s?ie=UTF8&field-keywords=I%20Provenzali%20-%20natura%20senza%20compromessi&index=sporting&search-type=ss,http://www.ebay.it/itm/Bagno-Schiuma-I-Provenzali-alla-Magnolia-3-pezzi-da-400-ml-/321152862887?pt=Cura_del_Corpo&hash=item4ac633caa7
95,0,0,3,1,1,0,0,8025796003006,,0.000000,0,1,0.000000,0.000000,,0.000000,0.00,1497,,,0.000000,0.000000,0.000000,0.000000,2,0,0,0,0,1,404,0,1,0000-00-00,new,1,1,both,0,0,0,0,"2014-06-16 10:45:16","2015-12-01 14:12:33",0,http://www.amazon.it/s?ie=UTF8&field-keywords=I%20Provenzali%20-%20natura%20senza%20compromessi&index=sporting&search-type=ss,http://www.ebay.it/itm/Bagno-Schiuma-I-Provenzali-alla-Magnolia-3-pezzi-da-400-ml-/321152862887?pt=Cura_del_Corpo&hash=item4ac633caa7
96,0,0,3,1,1,0,0,8025796003525,,0.000000,0,1,0.000000,0.000000,,0.000000,0.00,1509,,,0.000000,0.000000,0.000000,0.000000,2,0,0,0,0,1,404,0,1,0000-00-00,new,1,1,both,0,0,0,0,"2014-06-16 12:26:29","2015-07-17 15:05:04",0,http://www.amazon.it/s?ie=UTF8&field-keywords=I%20Provenzali%20-%20natura%20senza%20compromessi&index=sporting&search-type=ss,http://www.ebay.it/itm/Bagno-Schiuma-I-Provenzali-alla-Magnolia-3-pezzi-da-400-ml-/321152862887?pt=Cura_del_Corpo&hash=item4ac633caa7
97,0,0,3,1,1,0,0,8025796003525,,0.000000,0,1,0.000000,0.000000,,0.000000,0.00,1509,,,0.000000,0.000000,0.000000,0.000000,2,0,0,0,0,1,404,0,1,0000-00-00,new,1,1,both,0,0,0,0,"2014-06-16 12:55:33","2015-07-17 15:05:32",0,http://www.amazon.it/s?ie=UTF8&field-keywords=I%20Provenzali%20-%20natura%20senza%20compromessi&index=sporting&search-type=ss,http://www.ebay.it/itm/Bagno-Schiuma-I-Provenzali-alla-Magnolia-3-pezzi-da-400-ml-/321152862887?pt=Cura_del_Corpo&hash=item4ac633caa7
98,0,0,3,1,1,0,0,8025796003525,,0.000000,0,1,0.000000,0.000000,,0.000000,0.00,1509,,,0.000000,0.000000,0.000000,0.000000,2,0,0,0,0,1,404,0,1,0000-00-00,new,1,1,both,0,0,0,0,"2014-06-16 13:11:49","2015-07-17 15:06:03",0,http://www.amazon.it/s?ie=UTF8&field-keywords=I%20Provenzali%20-%20natura%20senza%20compromessi&index=sporting&search-type=ss,http://www.ebay.it/itm/Bagno-Schiuma-I-Provenzali-alla-Magnolia-3-pezzi-da-400-ml-/321152862887?pt=Cura_del_Corpo&hash=item4ac633caa7
99,0,0,3,1,1,0,0,8025796003525,,0.000000,0,1,0.000000,0.000000,,0.000000,0.00,1509,,,0.000000,0.000000,0.000000,0.000000,2,0,0,0,0,1,404,0,1,0000-00-00,new,1,1,both,0,0,0,0,"2014-06-16 13:27:29","2015-07-17 15:08:46",0,http://www.amazon.it/s?ie=UTF8&field-keywords=I%20Provenzali%20-%20natura%20senza%20compromessi&index=sporting&search-type=ss,http://www.ebay.it/itm/Bagno-Schiuma-I-Provenzali-alla-Magnolia-3-pezzi-da-400-ml-/321152862887?pt=Cura_del_Corpo&hash=item4ac633caa7
100,0,0,9,1,1,0,0,8025796003686,,0.000000,0,1,0.000000,0.000000,,0.000000,0.00,1448,,,0.000000,0.000000,0.000000,0.000000,2,0,0,0,0,1,404,0,1,0000-00-00,new,1,1,both,0,0,0,0,"2014-06-18 11:16:40","2015-10-29 17:21:16",0,,
101,0,0,9,1,1,0,0,8025796003693,,0.000000,0,1,0.000000,0.000000,,0.000000,0.00,1449,,,0.000000,0.000000,0.000000,0.000000,2,0,0,0,0,1,404,0,1,0000-00-00,new,1,1,both,0,0,0,0,"2014-06-18 12:41:04","2015-10-29 17:22:03",0,,
102,0,0,9,1,1,0,0,8025796002504,,0.000000,0,1,0.000000,0.000000,,0.000000,0.00,1417,,,0.000000,0.000000,0.000000,0.000000,2,0,0,0,0,1,404,0,1,0000-00-00,new,1,1,both,0,0,0,0,"2014-06-18 13:29:43","2015-07-24 15:22:22",0,,
103,0,0,9,1,1,0,0,8025796002511,,0.000000,0,1,0.000000,0.000000,,0.000000,0.00,1417,,,0.000000,0.000000,0.000000,0.000000,2,0,0,0,0,1,404,0,1,0000-00-00,new,1,1,both,0,0,0,0,"2014-06-18 15:10:27","2015-07-24 14:53:15",0,,
104,0,0,7,1,1,0,0,8025796000210,,0.000000,0,1,0.000000,0.000000,,0.000000,0.00,1030.30,,,0.000000,0.000000,0.000000,0.000000,2,0,0,0,0,1,404,0,1,0000-00-00,new,1,1,both,0,0,0,0,"2014-06-18 15:20:13","2015-02-05 10:14:39",0,http://www.amazon.it/s?ie=UTF8&field-keywords=I%20Provenzali%20-%20natura%20senza%20compromessi&index=sporting&search-type=ss,http://www.ebay.it/itm/Saponetta-Vegetale-Extrafine-I-Provenzali-Camomilla-6-pezzi-da-100-g-/370803278955?pt=Cura_del_Corpo&hash=item565599046b
105,0,0,9,1,1,0,0,8025796001910,,0.000000,0,1,0.000000,0.000000,,0.000000,0.00,1427,,,0.000000,0.000000,0.000000,0.000000,2,0,0,0,0,1,404,0,1,0000-00-00,new,1,1,both,0,0,0,0,"2014-06-18 15:40:11","2015-08-31 14:37:11",0,http://www.amazon.it/s?ie=UTF8&field-keywords=I%20Provenzali%20-%20natura%20senza%20compromessi&index=sporting&search-type=ss,"http://www.ebay.it/itm/Sapone-Extradolce-I-Provenzali- allUva-e-Mora-6-pz-da-150-g-/321152845309?  pt=Cura_del_Corpo&hash=item4ac63385fd"
106,0,0,9,1,1,0,0,8025796001910,,0.000000,0,1,0.000000,0.000000,,0.000000,0.00,1427,,,0.000000,0.000000,0.000000,0.000000,2,0,0,0,0,1,404,0,1,0000-00-00,new,1,1,both,0,0,0,0,"2014-06-18 16:09:00","2015-08-31 14:32:28",0,http://www.amazon.it/s?ie=UTF8&field-keywords=I%20Provenzali%20-%20natura%20senza%20compromessi&index=sporting&search-type=ss,"http://www.ebay.it/itm/Sapone-Extradolce-I-Provenzali- allUva-e-Mora-6-pz-da-150-g-/321152845309?  pt=Cura_del_Corpo&hash=item4ac63385fd"
107,0,0,7,1,1,0,0,8025796000210,,0.000000,0,1,0.000000,0.000000,,0.000000,0.00,1030.33,,,0.000000,0.000000,0.000000,0.000000,2,0,0,0,0,1,404,0,1,0000-00-00,new,1,1,both,0,0,0,0,"2014-06-18 16:34:11","2015-02-05 10:14:55",0,http://www.amazon.it/s?ie=UTF8&field-keywords=I%20Provenzali%20-%20natura%20senza%20compromessi&index=sporting&search-type=ss,http://www.ebay.it/itm/Saponetta-Vegetale-Extrafine-I-Provenzali-Camomilla-6-pezzi-da-100-g-/370803278955?pt=Cura_del_Corpo&hash=item565599046b
108,0,0,9,1,1,0,0,8025796001910,,0.000000,0,1,0.000000,0.000000,,0.000000,0.00,1427,,,0.000000,0.000000,0.000000,0.000000,2,0,0,0,0,1,404,0,1,0000-00-00,new,1,1,both,0,0,0,0,"2014-06-18 16:36:59","2015-08-31 14:32:42",0,http://www.amazon.it/s?ie=UTF8&field-keywords=I%20Provenzali%20-%20natura%20senza%20compromessi&index=sporting&search-type=ss,"http://www.ebay.it/itm/Sapone-Extradolce-I-Provenzali- allUva-e-Mora-6-pz-da-150-g-/321152845309?  pt=Cura_del_Corpo&hash=item4ac63385fd"
109,0,0,7,1,1,0,0,8025796000210,,0.000000,0,1,0.000000,0.000000,,0.000000,0.00,1030.36,,,0.000000,0.000000,0.000000,0.000000,2,0,0,0,0,1,404,0,1,0000-00-00,new,1,1,both,0,0,0,0,"2014-06-18 16:51:06","2015-08-27 16:07:44",0,http://www.amazon.it/s?ie=UTF8&field-keywords=I%20Provenzali%20-%20natura%20senza%20compromessi&index=sporting&search-type=ss,http://www.ebay.it/itm/Saponetta-Vegetale-Extrafine-I-Provenzali-Camomilla-6-pezzi-da-100-g-/370803278955?pt=Cura_del_Corpo&hash=item565599046b
110,0,0,9,1,1,0,0,8025796001910,,0.000000,0,1,0.000000,0.000000,,0.000000,0.00,1427,,,0.000000,0.000000,0.000000,0.000000,2,0,0,0,0,1,404,0,1,0000-00-00,new,1,1,both,0,0,0,0,"2014-06-18 16:53:41","2015-08-31 14:30:20",0,http://www.amazon.it/s?ie=UTF8&field-keywords=I%20Provenzali%20-%20natura%20senza%20compromessi&index=sporting&search-type=ss,"http://www.ebay.it/itm/Sapone-Extradolce-I-Provenzali- allUva-e-Mora-6-pz-da-150-g-/321152845309?  pt=Cura_del_Corpo&hash=item4ac63385fd"
111,0,0,7,1,1,0,0,8025796000210,,0.000000,0,1,0.000000,0.000000,,0.000000,0.00,1030.42,,,0.000000,0.000000,0.000000,0.000000,2,0,0,0,0,1,404,0,1,0000-00-00,new,1,1,both,0,0,0,0,"2014-06-18 17:08:48","2015-02-05 10:15:43",0,http://www.amazon.it/s?ie=UTF8&field-keywords=I%20Provenzali%20-%20natura%20senza%20compromessi&index=sporting&search-type=ss,http://www.ebay.it/itm/Saponetta-Vegetale-Extrafine-I-Provenzali-Camomilla-6-pezzi-da-100-g-/370803278955?pt=Cura_del_Corpo&hash=item565599046b
112,0,0,7,1,1,0,0,8025796000210,,0.000000,0,1,0.000000,0.000000,,0.000000,0.00,1030.45,,,0.000000,0.000000,0.000000,0.000000,2,0,0,0,0,1,404,0,1,0000-00-00,new,1,1,both,0,0,0,0,"2014-06-18 17:12:50","2015-08-27 16:19:55",0,http://www.amazon.it/s?ie=UTF8&field-keywords=I%20Provenzali%20-%20natura%20senza%20compromessi&index=sporting&search-type=ss,http://www.ebay.it/itm/Saponetta-Vegetale-Extrafine-I-Provenzali-Camomilla-6-pezzi-da-100-g-/370803278955?pt=Cura_del_Corpo&hash=item565599046b
113,0,0,9,1,1,0,0,8025796001910,,0.000000,0,1,0.000000,0.000000,,0.000000,0.00,1427,,,0.000000,0.000000,0.000000,0.000000,2,0,0,0,0,1,404,0,1,0000-00-00,new,1,1,both,0,0,0,0,"2014-06-18 17:16:26","2015-08-31 14:31:25",0,http://www.amazon.it/s?ie=UTF8&field-keywords=I%20Provenzali%20-%20natura%20senza%20compromessi&index=sporting&search-type=ss,"http://www.ebay.it/itm/Sapone-Extradolce-I-Provenzali- allUva-e-Mora-6-pz-da-150-g-/321152845309?  pt=Cura_del_Corpo&hash=item4ac63385fd"
114,0,0,7,1,1,0,0,8025796000210,,0.000000,0,1,0.000000,0.000000,,0.000000,0.00,1030.47,,,0.000000,0.000000,0.000000,0.000000,2,0,0,0,0,1,404,0,1,0000-00-00,new,1,1,both,0,0,0,0,"2014-06-18 17:20:30","2015-08-27 16:22:58",0,http://www.amazon.it/s?ie=UTF8&field-keywords=I%20Provenzali%20-%20natura%20senza%20compromessi&index=sporting&search-type=ss,http://www.ebay.it/itm/Saponetta-Vegetale-Extrafine-I-Provenzali-Camomilla-6-pezzi-da-100-g-/370803278955?pt=Cura_del_Corpo&hash=item565599046b
115,0,0,7,1,1,0,0,8025796000210,,0.000000,0,1,0.000000,0.000000,,0.000000,0.00,1030.48,,,0.000000,0.000000,0.000000,0.000000,2,0,0,0,0,1,404,0,1,0000-00-00,new,1,1,both,0,0,0,0,"2014-06-18 17:24:08","2015-08-27 16:22:12",0,http://www.amazon.it/s?ie=UTF8&field-keywords=I%20Provenzali%20-%20natura%20senza%20compromessi&index=sporting&search-type=ss,http://www.ebay.it/itm/Saponetta-Vegetale-Extrafine-I-Provenzali-Camomilla-6-pezzi-da-100-g-/370803278955?pt=Cura_del_Corpo&hash=item565599046b
116,0,0,7,1,1,0,0,8025796000210,,0.000000,0,1,0.000000,0.000000,,0.000000,0.00,1030.51,,,0.000000,0.000000,0.000000,0.000000,2,0,0,0,0,1,404,0,1,0000-00-00,new,1,1,both,0,0,0,0,"2014-06-18 17:27:41","2015-02-05 10:17:13",0,http://www.amazon.it/s?ie=UTF8&field-keywords=I%20Provenzali%20-%20natura%20senza%20compromessi&index=sporting&search-type=ss,http://www.ebay.it/itm/Saponetta-Vegetale-Extrafine-I-Provenzali-Camomilla-6-pezzi-da-100-g-/370803278955?pt=Cura_del_Corpo&hash=item565599046b
117,0,0,7,1,1,0,0,8025796000210,,0.000000,0,1,0.000000,0.000000,,0.000000,0.00,1030.54,,,0.000000,0.000000,0.000000,0.000000,2,0,0,0,0,1,404,0,1,0000-00-00,new,1,1,both,0,0,0,0,"2014-06-18 17:31:16","2015-08-27 17:21:12",0,http://www.amazon.it/s?ie=UTF8&field-keywords=I%20Provenzali%20-%20natura%20senza%20compromessi&index=sporting&search-type=ss,http://www.ebay.it/itm/Saponetta-Vegetale-Extrafine-I-Provenzali-Camomilla-6-pezzi-da-100-g-/370803278955?pt=Cura_del_Corpo&hash=item565599046b
118,0,0,7,1,1,0,0,8025796000210,,0.000000,0,1,0.000000,0.000000,,0.000000,0.00,1030.57,,,0.000000,0.000000,0.000000,0.000000,2,0,0,0,0,1,404,0,1,0000-00-00,new,1,1,both,0,0,0,0,"2014-06-18 17:34:16","2015-08-27 17:21:44",0,http://www.amazon.it/s?ie=UTF8&field-keywords=I%20Provenzali%20-%20natura%20senza%20compromessi&index=sporting&search-type=ss,http://www.ebay.it/itm/Saponetta-Vegetale-Extrafine-I-Provenzali-Camomilla-6-pezzi-da-100-g-/370803278955?pt=Cura_del_Corpo&hash=item565599046b
119,0,0,7,1,1,0,0,8025796000210,,0.000000,0,1,0.000000,0.000000,,0.000000,0.00,1030.60,,,0.000000,0.000000,0.000000,0.000000,2,0,0,0,0,1,404,0,1,0000-00-00,new,1,1,both,0,0,0,0,"2014-06-18 17:38:56","2015-08-27 17:24:00",0,http://www.amazon.it/s?ie=UTF8&field-keywords=I%20Provenzali%20-%20natura%20senza%20compromessi&index=sporting&search-type=ss,http://www.ebay.it/itm/Saponetta-Vegetale-Extrafine-I-Provenzali-Camomilla-6-pezzi-da-100-g-/370803278955?pt=Cura_del_Corpo&hash=item565599046b
120,0,0,7,1,1,0,0,8025796000210,,0.000000,0,1,0.000000,0.000000,,0.000000,0.00,1030.63,,,0.000000,0.000000,0.000000,0.000000,2,0,0,0,0,1,404,0,1,0000-00-00,new,1,1,both,0,0,0,0,"2014-06-18 17:45:34","2015-08-27 17:24:30",0,http://www.amazon.it/s?ie=UTF8&field-keywords=I%20Provenzali%20-%20natura%20senza%20compromessi&index=sporting&search-type=ss,http://www.ebay.it/itm/Saponetta-Vegetale-Extrafine-I-Provenzali-Camomilla-6-pezzi-da-100-g-/370803278955?pt=Cura_del_Corpo&hash=item565599046b
121,0,0,7,1,1,0,0,8025796000210,,0.000000,0,1,0.000000,0.000000,,0.000000,0.00,1030.64,,,0.000000,0.000000,0.000000,0.000000,2,0,0,0,0,1,404,0,1,0000-00-00,new,1,1,both,0,0,0,0,"2014-06-18 17:49:38","2015-08-27 17:37:07",0,http://www.amazon.it/s?ie=UTF8&field-keywords=I%20Provenzali%20-%20natura%20senza%20compromessi&index=sporting&search-type=ss,http://www.ebay.it/itm/Saponetta-Vegetale-Extrafine-I-Provenzali-Camomilla-6-pezzi-da-100-g-/370803278955?pt=Cura_del_Corpo&hash=item565599046b
122,0,0,7,1,1,0,0,8025796000210,,0.000000,0,1,0.000000,0.000000,,0.000000,0.00,1030.65,,,0.000000,0.000000,0.000000,0.000000,2,0,0,0,0,1,404,0,1,0000-00-00,new,1,1,both,0,0,0,0,"2014-06-18 17:52:58","2015-08-27 17:37:44",0,http://www.amazon.it/s?ie=UTF8&field-keywords=I%20Provenzali%20-%20natura%20senza%20compromessi&index=sporting&search-type=ss,http://www.ebay.it/itm/Saponetta-Vegetale-Extrafine-I-Provenzali-Camomilla-6-pezzi-da-100-g-/370803278955?pt=Cura_del_Corpo&hash=item565599046b
123,0,0,7,1,1,0,0,8025796000210,,0.000000,0,1,0.000000,0.000000,,0.000000,0.00,1030.66,,,0.000000,0.000000,0.000000,0.000000,2,0,0,0,0,1,404,0,1,0000-00-00,new,1,1,both,0,0,0,0,"2014-06-18 17:57:04","2015-08-27 17:38:57",0,http://www.amazon.it/s?ie=UTF8&field-keywords=I%20Provenzali%20-%20natura%20senza%20compromessi&index=sporting&search-type=ss,http://www.ebay.it/itm/Saponetta-Vegetale-Extrafine-I-Provenzali-Camomilla-6-pezzi-da-100-g-/370803278955?pt=Cura_del_Corpo&hash=item565599046b
124,0,0,7,1,1,0,0,8025796000210,,0.000000,0,1,0.000000,0.000000,,0.000000,0.00,1030.72,,,0.000000,0.000000,0.000000,0.000000,2,0,0,0,0,1,404,0,1,0000-00-00,new,1,1,both,0,0,0,0,"2014-06-18 17:59:57","2015-08-27 17:39:27",0,http://www.amazon.it/s?ie=UTF8&field-keywords=I%20Provenzali%20-%20natura%20senza%20compromessi&index=sporting&search-type=ss,http://www.ebay.it/itm/Saponetta-Vegetale-Extrafine-I-Provenzali-Camomilla-6-pezzi-da-100-g-/370803278955?pt=Cura_del_Corpo&hash=item565599046b
125,0,0,7,1,1,0,0,8025796000210,,0.000000,0,1,0.000000,0.000000,,0.000000,0.00,1030.75,,,0.000000,0.000000,0.000000,0.000000,2,0,0,0,0,1,404,0,1,0000-00-00,new,1,1,both,0,0,0,0,"2014-06-18 18:02:50","2015-02-05 10:21:11",0,http://www.amazon.it/s?ie=UTF8&field-keywords=I%20Provenzali%20-%20natura%20senza%20compromessi&index=sporting&search-type=ss,http://www.ebay.it/itm/Saponetta-Vegetale-Extrafine-I-Provenzali-Camomilla-6-pezzi-da-100-g-/370803278955?pt=Cura_del_Corpo&hash=item565599046b
128,0,0,8,1,1,0,0,8025796000234,,0.000000,0,1,0.000000,0.000000,,0.000000,0.00,2125.1,,,0.000000,0.000000,0.000000,0.000000,2,0,0,0,0,1,404,0,1,0000-00-00,new,1,1,both,0,0,0,0,"2014-06-26 16:43:04","2015-11-30 10:07:18",0,http://www.amazon.it/s?ie=UTF8&field-keywords=I%20Provenzali%20-%20natura%20senza%20compromessi&index=sporting&search-type=ss,http://www.ebay.it/itm/Saponetta-Marsiglia-Extrafina-I-Provenzali-6-pz-da-150-g-/321153000234?pt=Cura_del_Corpo&hash=item4ac635e32a
129,0,0,11,1,1,0,0,8025796000715,,0.000000,0,1,0.000000,0.000000,,0.000000,0.00,1246,,,0.000000,0.000000,0.000000,0.000000,2,0,0,0,0,1,404,0,1,0000-00-00,new,1,1,both,0,0,0,0,"2014-06-30 09:57:15","2015-06-29 15:24:31",0,,
130,0,0,11,1,1,0,0,8025796000715,,0.000000,0,1,0.000000,0.000000,,0.000000,0.00,1249,,,0.000000,0.000000,0.000000,0.000000,2,0,0,0,0,1,404,0,1,0000-00-00,new,1,1,both,0,0,0,0,"2014-06-30 09:58:53","2015-06-29 15:30:01",0,,
131,0,0,11,1,1,0,0,8025796000715,,0.000000,0,1,0.000000,0.000000,,0.000000,0.00,1252,,,0.000000,0.000000,0.000000,0.000000,2,0,0,0,0,1,404,0,1,0000-00-00,new,1,1,both,0,0,0,0,"2014-06-30 09:59:55","2015-02-27 15:10:56",0,,
132,0,0,7,1,1,0,0,8025796001583,,0.000000,0,1,0.000000,0.000000,,0.000000,0.00,1023.29,,,0.000000,0.000000,0.000000,0.000000,2,0,0,0,0,1,404,0,1,0000-00-00,new,1,1,both,0,0,0,0,"2014-06-30 12:39:21","2015-02-05 10:21:39",0,http://www.amazon.it/s?ie=UTF8&field-keywords=I%20Provenzali%20-%20natura%20senza%20compromessi&index=sporting&search-type=ss,http://www.ebay.it/itm/Saponetta-Vegetale-Extrafine-I-Provenzali-Camomilla-6-pezzi-da-100-g-/370803278955?pt=Cura_del_Corpo&hash=item565599046b
133,0,0,7,1,1,0,0,8025796001583,,0.000000,0,1,0.000000,0.000000,,0.000000,0.00,1023.26,,,0.000000,0.000000,0.000000,0.000000,2,0,0,0,0,1,404,0,1,0000-00-00,new,1,1,both,0,0,0,0,"2014-06-30 13:00:02","2015-02-05 10:22:10",0,http://www.amazon.it/s?ie=UTF8&field-keywords=I%20Provenzali%20-%20natura%20senza%20compromessi&index=sporting&search-type=ss,http://www.ebay.it/itm/Saponetta-Vegetale-Extrafine-I-Provenzali-Camomilla-6-pezzi-da-100-g-/370803278955?pt=Cura_del_Corpo&hash=item565599046b
134,0,0,7,1,1,0,0,8025796001583,,0.000000,0,1,0.000000,0.000000,,0.000000,0.00,1023.32,,,0.000000,0.000000,0.000000,0.000000,2,0,0,0,0,1,404,0,1,0000-00-00,new,1,1,both,0,0,0,0,"2014-06-30 13:03:49","2015-02-05 10:22:31",0,http://www.amazon.it/s?ie=UTF8&field-keywords=I%20Provenzali%20-%20natura%20senza%20compromessi&index=sporting&search-type=ss,http://www.ebay.it/itm/Saponetta-Vegetale-Extrafine-I-Provenzali-Camomilla-6-pezzi-da-100-g-/370803278955?pt=Cura_del_Corpo&hash=item565599046b
135,0,0,11,1,1,0,0,8025796001149,,0.000000,0,1,0.000000,0.000000,,0.000000,0.00,1234,,,0.000000,0.000000,0.000000,0.000000,2,0,0,0,0,1,404,0,1,0000-00-00,new,1,1,both,0,0,0,0,"2014-07-03 16:51:17","2015-02-05 10:03:06",0,,
136,0,0,11,1,1,0,0,8025796001163,,0.000000,0,1,0.000000,0.000000,,0.000000,0.00,1231,,,0.000000,0.000000,0.000000,0.000000,2,0,0,0,0,1,404,0,1,0000-00-00,new,1,1,both,0,0,0,0,"2014-07-03 17:14:30","2015-02-05 10:03:26",0,,
137,0,0,11,1,1,0,0,8025796000739,,0.000000,0,1,0.000000,0.000000,,0.000000,0.00,1240,,,0.000000,0.000000,0.000000,0.000000,2,0,0,0,0,1,404,0,1,0000-00-00,new,1,1,both,0,0,0,0,"2014-07-03 17:28:04","2015-02-05 10:04:00",0,,
138,0,0,12,1,1,0,0,8025796000180,,0.000000,0,1,0.000000,0.000000,,0.000000,0.00,1015,,,0.000000,0.000000,0.000000,0.000000,2,0,0,0,0,1,404,0,1,0000-00-00,new,1,1,both,0,0,0,0,"2014-07-04 09:49:06","2015-02-05 09:39:13",0,http://www.amazon.it/s?ie=UTF8&field-keywords=I%20Provenzali%20-%20natura%20senza%20compromessi&index=sporting&search-type=ss,http://www.ebay.it/itm/Bucato-Liquido-Marsiglia-I-Provenzali-3-pz-da-1000-ml-/370844136443?pt=Altro_per_Bellezza_e_Salute&hash=item56580873fb
139,0,0,12,1,1,0,0,8025796000197,,0.000000,0,1,0.000000,0.000000,,0.000000,0.00,1018,,,0.000000,0.000000,0.000000,0.000000,2,0,0,0,0,1,404,0,1,0000-00-00,new,1,1,both,0,0,0,0,"2014-07-04 10:13:56","2015-02-05 09:39:39",0,http://www.amazon.it/s?ie=UTF8&field-keywords=I%20Provenzali%20-%20natura%20senza%20compromessi&index=sporting&search-type=ss,http://www.ebay.it/itm/Bucato-Liquido-Marsiglia-I-Provenzali-3-pz-da-1000-ml-/370844136443?pt=Altro_per_Bellezza_e_Salute&hash=item56580873fb
140,0,0,12,1,1,0,0,,,0.000000,0,1,0.000000,0.000000,,0.000000,0.00,1471,,,0.000000,0.000000,0.000000,0.000000,2,0,0,0,0,1,404,0,1,0000-00-00,new,1,1,both,0,0,0,0,"2014-07-04 10:47:28","2015-02-05 09:42:00",0,,
141,0,0,12,1,1,0,0,,,0.000000,0,1,0.000000,0.000000,,0.000000,0.00,1451,,,0.000000,0.000000,0.000000,0.000000,2,0,0,0,0,1,404,0,1,0000-00-00,new,1,1,both,0,0,0,0,"2014-07-04 11:33:56","2015-02-05 09:42:32",0,,
142,0,0,8,1,1,0,0,8025796000234,,0.000000,0,1,0.000000,0.000000,,0.000000,0.00,2125.1,,,0.000000,0.000000,0.000000,0.000000,2,0,0,0,0,1,404,0,1,0000-00-00,new,1,1,both,0,0,0,0,"2014-07-04 15:13:52","2015-11-30 10:12:40",0,http://www.amazon.it/s?ie=UTF8&field-keywords=I%20Provenzali%20-%20natura%20senza%20compromessi&index=sporting&search-type=ss,http://www.ebay.it/itm/Saponetta-Marsiglia-Extrafina-I-Provenzali-6-pz-da-150-g-/321153000234?pt=Cura_del_Corpo&hash=item4ac635e32a
143,0,0,8,1,1,0,0,8025796000234,,0.000000,0,1,0.000000,0.000000,,0.000000,0.00,2125.1,,,0.000000,0.000000,0.000000,0.000000,2,0,0,0,0,1,404,0,1,0000-00-00,new,1,1,both,0,0,0,0,"2014-07-04 15:19:44","2015-11-30 10:15:26",0,http://www.amazon.it/s?ie=UTF8&field-keywords=I%20Provenzali%20-%20natura%20senza%20compromessi&index=sporting&search-type=ss,http://www.ebay.it/itm/Saponetta-Marsiglia-Extrafina-I-Provenzali-6-pz-da-150-g-/321153000234?pt=Cura_del_Corpo&hash=item4ac635e32a
144,0,0,8,1,1,0,0,8025796000234,,0.000000,0,1,0.000000,0.000000,,0.000000,0.00,2125.1,,,0.000000,0.000000,0.000000,0.000000,2,0,0,0,0,1,404,0,1,0000-00-00,new,1,1,both,0,0,0,0,"2014-07-04 15:20:43","2015-11-30 10:20:48",0,http://www.amazon.it/s?ie=UTF8&field-keywords=I%20Provenzali%20-%20natura%20senza%20compromessi&index=sporting&search-type=ss,http://www.ebay.it/itm/Saponetta-Marsiglia-Extrafina-I-Provenzali-6-pz-da-150-g-/321153000234?pt=Cura_del_Corpo&hash=item4ac635e32a
145,0,0,8,1,1,0,0,8025796000234,,0.000000,0,1,0.000000,0.000000,,0.000000,0.00,2125.1,,,0.000000,0.000000,0.000000,0.000000,2,0,0,0,0,1,404,0,1,0000-00-00,new,1,1,both,0,0,0,0,"2014-07-04 15:22:01","2015-11-30 10:23:07",0,http://www.amazon.it/s?ie=UTF8&field-keywords=I%20Provenzali%20-%20natura%20senza%20compromessi&index=sporting&search-type=ss,http://www.ebay.it/itm/Saponetta-Marsiglia-Extrafina-I-Provenzali-6-pz-da-150-g-/321153000234?pt=Cura_del_Corpo&hash=item4ac635e32a
146,0,0,8,1,1,0,0,8025796000234,,0.000000,0,1,0.000000,0.000000,,0.000000,0.00,2125.1,,,0.000000,0.000000,0.000000,0.000000,2,0,0,0,0,1,404,0,1,0000-00-00,new,1,1,both,0,0,0,0,"2014-07-04 15:23:23","2015-11-30 10:27:37",0,http://www.amazon.it/s?ie=UTF8&field-keywords=I%20Provenzali%20-%20natura%20senza%20compromessi&index=sporting&search-type=ss,http://www.ebay.it/itm/Saponetta-Marsiglia-Extrafina-I-Provenzali-6-pz-da-150-g-/321153000234?pt=Cura_del_Corpo&hash=item4ac635e32a
147,0,0,15,1,1,0,0,8025796002696,,0.000000,0,1,0.000000,0.000000,,0.000000,0.00,1654,,,0.000000,0.000000,0.000000,0.000000,2,0,0,0,0,1,404,0,1,0000-00-00,new,1,1,both,0,0,0,0,"2014-10-14 12:48:38","2015-02-05 10:48:11",0,http://www.amazon.it/s?ie=UTF8&field-keywords=I%20Provenzali%20-%20natura%20senza%20compromessi&index=sporting&search-type=ss,http://www.ebay.it/itm/Bagnetto-Corpo-e-Capelli-Biologico-Bimbi-3-pz-da-250-mL-/321153019227?pt=Cura_del_Corpo&hash=item4ac6362d5b
148,0,0,15,1,1,0,0,8025796002696,,0.000000,0,1,0.000000,0.000000,,0.000000,0.00,1654,,,0.000000,0.000000,0.000000,0.000000,2,0,0,0,0,1,404,0,1,0000-00-00,new,1,1,both,0,0,0,0,"2014-10-14 12:56:56","2015-10-29 16:27:45",0,http://www.amazon.it/s?ie=UTF8&field-keywords=I%20Provenzali%20-%20natura%20senza%20compromessi&index=sporting&search-type=ss,http://www.ebay.it/itm/Bagnetto-Corpo-e-Capelli-Biologico-Bimbi-3-pz-da-250-mL-/321153019227?pt=Cura_del_Corpo&hash=item4ac6362d5b
149,0,0,46,1,1,0,0,8025796000685,,0.000000,0,1,0.000000,0.000000,,0.000000,0.00,1222,,,0.000000,0.000000,0.000000,0.000000,2,0,1,0,2,1,404,0,1,0000-00-00,new,1,1,both,0,0,0,0,"2014-11-03 11:17:10","2015-03-17 14:50:45",0,http://www.amazon.it/s?ie=UTF8&field-keywords=I%20Provenzali%20-%20natura%20senza%20compromessi&index=sporting&search-type=ss,http://www.ebay.it/itm/Olio-di-Mandorle-Dolci-I-Provenzali-2-pz-da-250-ml-/370843542005?pt=Cura_del_Corpo&hash=item5657ff61f5
151,0,0,44,1,1,0,0,,,0.000000,0,1,0.000000,0.000000,,0.000000,0.00,,,,0.000000,0.000000,0.000000,0.000000,2,0,0,0,0,1,404,0,1,0000-00-00,new,1,1,both,0,0,0,0,"2014-12-30 09:55:15","2015-11-27 17:29:26",0,,
152,0,0,44,1,1,0,0,,,0.000000,0,1,0.000000,0.000000,,0.000000,0.00,,,,0.000000,0.000000,0.000000,0.000000,2,0,0,0,0,1,404,0,1,0000-00-00,new,1,1,both,0,0,0,0,"2014-12-30 10:13:29","2015-11-27 17:23:25",0,,
153,0,0,45,1,1,0,0,,,0.000000,0,1,0.000000,0.000000,,0.000000,0.00,1760,,,0.000000,0.000000,0.000000,0.000000,2,0,0,0,0,1,404,0,1,0000-00-00,new,1,1,both,0,0,0,0,"2015-01-08 11:45:47","2015-11-19 14:55:59",0,,
154,0,0,45,1,1,0,0,,,0.000000,0,1,0.000000,0.000000,,0.000000,0.00,1763,,,0.000000,0.000000,0.000000,0.000000,2,0,0,0,0,1,404,0,1,0000-00-00,new,1,1,both,0,0,0,0,"2015-01-08 12:16:09","2015-06-25 17:06:28",0,,
155,0,0,45,1,1,0,0,,,0.000000,0,1,0.000000,0.000000,,0.000000,0.00,1769,,,0.000000,0.000000,0.000000,0.000000,2,0,0,0,0,1,404,0,1,0000-00-00,new,1,1,both,0,0,0,0,"2015-01-08 12:53:56","2015-02-04 12:27:45",0,,
156,0,0,45,1,1,0,0,,,0.000000,0,1,0.000000,0.000000,,0.000000,0.00,1778,,,0.000000,0.000000,0.000000,0.000000,2,0,0,0,0,1,404,0,1,0000-00-00,new,1,1,both,0,0,0,0,"2015-01-08 13:00:09","2015-06-25 17:07:31",0,,
157,0,0,45,1,1,0,0,,,0.000000,0,1,0.000000,0.000000,,0.000000,0.00,1766,,,0.000000,0.000000,0.000000,0.000000,2,0,0,0,0,1,404,0,1,0000-00-00,new,1,1,both,0,0,0,0,"2015-01-08 14:54:03","2015-10-26 09:26:55",0,,
158,0,0,45,1,1,0,0,,,0.000000,0,1,0.000000,0.000000,,0.000000,0.00,1775,,,0.000000,0.000000,0.000000,0.000000,2,0,0,0,0,0,404,0,1,0000-00-00,new,1,1,both,0,0,0,0,"2015-01-08 15:21:15","2015-05-07 10:07:06",0,,
159,0,0,45,1,1,0,0,,,0.000000,0,1,0.000000,0.000000,,0.000000,0.00,1772,,,0.000000,0.000000,0.000000,0.000000,2,0,0,0,0,1,404,0,1,0000-00-00,new,1,1,both,0,0,0,0,"2015-01-08 15:32:25","2015-07-17 15:46:12",0,,
165,0,0,46,1,1,0,0,,,0.000000,0,1,0.000000,0.000000,,0.000000,0.00,,,,0.000000,0.000000,0.000000,0.000000,2,0,0,0,0,1,404,0,1,0000-00-00,new,1,1,both,0,0,0,0,"2015-03-17 12:54:35","2015-03-17 15:31:57",0,,
166,0,0,46,1,1,0,0,,,0.000000,0,1,0.000000,0.000000,,0.000000,0.00,9319,,,0.000000,0.000000,0.000000,0.000000,2,0,0,0,0,1,404,0,1,0000-00-00,new,1,1,both,0,0,0,0,"2015-03-17 14:55:15","2015-03-17 15:35:08",0,,
167,0,0,46,1,1,0,0,,,0.000000,0,1,0.000000,0.000000,,0.000000,0.00,,,,0.000000,0.000000,0.000000,0.000000,2,0,0,0,0,1,404,0,1,0000-00-00,new,1,1,both,0,0,0,0,"2015-03-17 15:36:07","2015-03-17 17:36:02",0,,
168,0,0,46,1,1,0,0,,,0.000000,0,1,0.000000,0.000000,,0.000000,0.00,,,,0.000000,0.000000,0.000000,0.000000,2,0,0,0,0,1,404,0,1,0000-00-00,new,1,1,both,0,0,0,0,"2015-04-09 09:32:27","2015-05-27 10:29:48",0,,
169,0,0,46,1,1,0,0,,,0.000000,0,1,0.000000,0.000000,,0.000000,0.00,1778.0,,,0.000000,0.000000,0.000000,0.000000,2,0,0,0,0,1,404,0,1,0000-00-00,new,1,1,both,0,0,0,0,"2015-04-13 12:55:04","2015-04-14 16:41:21",0,,
170,0,0,5,1,1,0,0,,,0.000000,0,1,0.000000,0.000000,,0.000000,0.00,1346,,,0.000000,0.000000,0.000000,0.000000,2,0,0,0,0,1,404,0,1,0000-00-00,new,1,1,both,0,0,0,0,"2015-05-06 17:33:24","2015-10-27 10:50:43",0,,
171,0,0,11,1,1,0,0,,,0.000000,0,1,0.000000,0.000000,,0.000000,0.00,1105,,,0.000000,0.000000,0.000000,0.000000,2,0,0,0,0,1,404,0,1,0000-00-00,new,1,1,both,0,0,0,0,"2015-06-03 12:38:58","2015-07-02 14:25:25",0,,
172,0,0,4,1,1,0,0,,,0.000000,0,1,0.000000,0.000000,,0.000000,0.00,1328,,,0.000000,0.000000,0.000000,0.000000,2,0,0,0,0,1,404,0,1,0000-00-00,new,1,1,both,0,0,0,0,"2015-06-03 12:53:21","2015-07-09 10:39:52",0,,
173,0,0,11,1,1,0,0,,,0.000000,0,1,0.000000,0.000000,,0.000000,0.00,1105,,,0.000000,0.000000,0.000000,0.000000,2,0,0,0,0,1,404,0,1,0000-00-00,new,1,1,both,0,0,0,0,"2015-07-02 16:30:18","2015-07-02 17:21:31",0,,
174,0,0,4,1,1,0,0,,,0.000000,0,1,0.000000,0.000000,,0.000000,0.00,1099,,,0.000000,0.000000,0.000000,0.000000,2,0,0,0,0,1,404,0,1,0000-00-00,new,1,1,both,0,0,0,0,"2015-07-17 11:33:16","2015-07-17 11:43:41",0,,
175,0,0,45,1,1,0,0,,,0.000000,0,1,0.000000,0.000000,,0.000000,0.00,1775,,,0.000000,0.000000,0.000000,0.000000,2,0,0,0,0,1,404,0,1,0000-00-00,new,1,1,both,0,0,0,0,"2015-07-17 15:46:30","2015-07-17 15:48:22",0,,
176,0,0,6,1,0,0,0,8025796004614,,0.000000,0,1,0.000000,0.000000,,0.000000,0.00,1215,,,0.000000,0.000000,0.000000,0.000000,2,0,0,0,0,1,404,0,1,0000-00-00,new,1,1,both,0,0,0,0,"2015-08-31 15:31:49","2015-09-21 09:49:18",0,,http://www.ebay.it/itm/Crema-Corpo-Mandorle-I-Provenzali-2-pezzi-da-100-ml-/321152257131?pt=Cura_del_Corpo&hash=item4ac62a8c6b
177,0,0,46,1,1,0,0,,,0.000000,0,1,0.000000,0.000000,,0.000000,0.00,,,,0.000000,0.000000,0.000000,0.000000,2,0,0,0,0,1,404,0,1,0000-00-00,new,1,1,both,0,0,0,0,"2015-10-07 12:27:46","2015-10-07 16:05:53",0,,
179,0,0,46,1,1,0,0,,,0.000000,0,1,0.000000,0.000000,,0.000000,0.00,,,,0.000000,0.000000,0.000000,0.000000,2,0,0,0,0,1,404,0,1,0000-00-00,new,1,1,both,0,0,0,0,"2015-10-07 12:48:30","2015-10-29 12:15:17",0,,
180,0,0,46,1,1,0,0,,,0.000000,0,1,0.000000,0.000000,,0.000000,0.00,,,,0.000000,0.000000,0.000000,0.000000,2,0,0,0,0,1,404,0,1,0000-00-00,new,1,1,both,0,0,0,0,"2015-10-07 12:57:50","2015-10-07 16:06:57",0,,
181,0,0,46,1,1,0,0,,,0.000000,0,1,0.000000,0.000000,,0.000000,0.00,,,,0.000000,0.000000,0.000000,0.000000,2,0,0,0,0,1,404,0,1,0000-00-00,new,1,1,both,0,0,0,0,"2015-10-07 15:02:23","2015-10-07 16:07:22",0,,
182,0,0,47,1,1,0,0,8025796004751,,0.000000,0,1,0.000000,0.000000,,0.000000,0.00,1551,,,0.000000,0.000000,0.000000,0.000000,2,0,0,0,0,1,404,0,1,0000-00-00,new,1,1,both,0,0,0,0,"2015-12-28 14:45:51","2016-01-18 12:15:30",0,,
183,0,0,47,1,1,0,0,8025796004768,,0.000000,0,1,0.000000,0.000000,,0.000000,0.00,1554,,,0.000000,0.000000,0.000000,0.000000,2,0,0,0,0,1,404,0,1,0000-00-00,new,1,1,both,0,0,0,0,"2015-12-30 12:20:08","2016-01-20 14:23:36",0,,
184,0,0,47,1,1,0,0,8025796004772,,0.000000,0,1,0.000000,0.000000,,0.000000,0.00,1557,,,0.000000,0.000000,0.000000,0.000000,2,0,0,0,0,1,404,0,1,0000-00-00,new,1,1,both,0,0,0,0,"2015-12-30 12:27:35","2015-12-30 13:02:12",0,,
185,0,0,47,1,1,0,0,8025796004782,,0.000000,0,1,0.000000,0.000000,,0.000000,0.00,1560,,,0.000000,0.000000,0.000000,0.000000,2,0,0,0,0,1,404,0,1,0000-00-00,new,1,1,both,0,0,0,0,"2015-12-30 12:54:54","2016-01-08 15:20:08",0,,
186,0,0,47,1,1,0,0,8025796004799,,0.000000,0,1,0.000000,0.000000,,0.000000,0.00,1563,,,0.000000,0.000000,0.000000,0.000000,2,0,0,0,0,1,404,0,1,0000-00-00,new,1,1,both,0,0,0,0,"2015-12-30 14:39:14","2016-01-18 16:29:26",0,,
187,0,0,47,1,1,0,0,8025796004812,,0.000000,0,1,0.000000,0.000000,,0.000000,0.00,1569,,,0.000000,0.000000,0.000000,0.000000,2,0,0,0,0,1,404,0,1,0000-00-00,new,1,1,both,0,0,0,0,"2015-12-30 14:48:12","2015-12-30 14:58:36",0,,
188,0,0,47,1,1,0,0,8025796004805,,0.000000,0,1,0.000000,0.000000,,0.000000,0.00,1566,,,0.000000,0.000000,0.000000,0.000000,2,0,0,0,0,1,404,0,1,0000-00-00,new,1,1,both,0,0,0,0,"2015-12-30 14:58:52","2015-12-30 15:10:17",0,,
